Time;AvgSpeed;Population
0.0;0;24
5.0;2.648895;24
10.0;2.648895;24
15.0;2.648895;24
20.0;3.040739;31
25.0;3.469183;38
30.0;3.567708;35
35.0;3.575576;30
40.0;4.082754;23
45.0;4.617762;23
50.0;4.899711;32
55.0;4.994895;31
60.0;5.046484;27
65.0;5.351046;22
70.0;5.642275;24
75.0;5.757537;21
80.0;5.798808;20
85.0;6.25579;25
